{
  "enemy_race_name": "Terran",
  "enemy_unit_counts": {
    "GHOST": 1,
    "MARAUDER": 4,
    "RAVEN": 2,
    "MEDIVAC": 1,
    "MARINE": 5
  },
  "enemy_tech_buildings": [
    "FUSIONCORE",
    "ARMORY",
    "FACTORY",
    "STARPORT"
  ],
  "scouted_locations": [
    [
      42.5,
      93.5
    ],
    [
      126.5,
      71.5
    ],
    [
      36.5,
      55.5
    ],
    [
      44.68269045571747,
      117.4231566176629
    ],
    [
      124.5,
      151.5
    ],
    [
      70.5,
      117.5
    ],
    [
      127.5,
      57.5
    ],
    [
      155.31730954428252,
      26.57684338233711
    ],
    [
      157.5,
      50.5
    ],
    [
      122.5,
      96.5
    ],
    [
      80.5,
      56.5
    ],
    [
      100.0,
      72.0
    ]
  ],
  "enemy_build_pattern": "mech_transition"
}