{
  "enemy_race_name": "Terran",
  "enemy_unit_counts": {
    "MARAUDER": 4,
    "RAVEN": 3,
    "MARINE": 12,
    "CYCLONE": 1,
    "REAPER": 2,
    "MEDIVAC": 2,
    "SIEGETANKSIEGED": 1
  },
  "enemy_tech_buildings": [
    "ARMORY",
    "STARPORT",
    "FUSIONCORE",
    "FACTORY"
  ],
  "scouted_locations": [
    [
      42.5,
      93.5
    ],
    [
      129.5,
      49.5
    ],
    [
      141.5,
      65.5
    ],
    [
      126.5,
      71.5
    ],
    [
      36.5,
      55.5
    ],
    [
      44.68269045571747,
      117.4231566176629
    ],
    [
      129.5,
      26.5
    ],
    [
      124.5,
      151.5
    ],
    [
      38.5,
      122.5
    ],
    [
      70.5,
      117.5
    ],
    [
      127.5,
      57.5
    ],
    [
      100.0,
      72.0
    ],
    [
      157.5,
      50.5
    ],
    [
      122.5,
      96.5
    ],
    [
      161.5,
      21.5
    ],
    [
      80.5,
      56.5
    ],
    [
      155.31730954428252,
      26.57684338233711
    ]
  ],
  "enemy_build_pattern": "mech_transition"
}